-- phpMyAdmin SQL Dump
-- version 5.0.2
-- https://www.phpmyadmin.net/
--
-- Servidor: 127.0.0.1
-- Tiempo de generación: 17-11-2023 a las 07:11:37
-- Versión del servidor: 10.4.13-MariaDB
-- Versión de PHP: 7.4.7

SET SQL_MODE = "NO_AUTO_VALUE_ON_ZERO";
START TRANSACTION;
SET time_zone = "+00:00";


/*!40101 SET @OLD_CHARACTER_SET_CLIENT=@@CHARACTER_SET_CLIENT */;
/*!40101 SET @OLD_CHARACTER_SET_RESULTS=@@CHARACTER_SET_RESULTS */;
/*!40101 SET @OLD_COLLATION_CONNECTION=@@COLLATION_CONNECTION */;
/*!40101 SET NAMES utf8mb4 */;

--
-- Base de datos: `bdcarritocompras`
--

-- --------------------------------------------------------

--
-- Estructura de tabla para la tabla `compra`
--

CREATE TABLE `compra` (
  `idcompra` bigint(20) NOT NULL,
  `cofecha` timestamp NOT NULL DEFAULT current_timestamp() ON UPDATE current_timestamp(),
  `idusuario` bigint(20) NOT NULL
) ENGINE=InnoDB DEFAULT CHARSET=latin1;

-- --------------------------------------------------------

--
-- Estructura de tabla para la tabla `compraestado`
--

CREATE TABLE `compraestado` (
  `idcompraestado` bigint(20) UNSIGNED NOT NULL,
  `idcompra` bigint(11) NOT NULL,
  `idcompraestadotipo` int(11) NOT NULL,
  `cefechaini` timestamp NOT NULL DEFAULT current_timestamp(),
  `cefechafin` timestamp NULL DEFAULT NULL
) ENGINE=InnoDB DEFAULT CHARSET=latin1;

-- --------------------------------------------------------

--
-- Estructura de tabla para la tabla `compraestadotipo`
--

CREATE TABLE `compraestadotipo` (
  `idcompraestadotipo` int(11) NOT NULL,
  `cetdescripcion` varchar(50) NOT NULL,
  `cetdetalle` varchar(256) NOT NULL
) ENGINE=InnoDB DEFAULT CHARSET=latin1;

--
-- Volcado de datos para la tabla `compraestadotipo`
--

INSERT INTO `compraestadotipo` (`idcompraestadotipo`, `cetdescripcion`, `cetdetalle`) VALUES
(1, 'iniciada', 'cuando el usuario : cliente inicia la compra de uno o mas productos del carrito'),
(2, 'aceptada', 'cuando el usuario administrador da ingreso a uno de las compras en estado = 1 '),
(3, 'enviada', 'cuando el usuario administrador envia a uno de las compras en estado =2 '),
(4, 'cancelada', 'un usuario administrador podra cancelar una compra en cualquier estado y un usuario cliente solo en estado=1 ');

-- --------------------------------------------------------

--
-- Estructura de tabla para la tabla `compraitem`
--

CREATE TABLE `compraitem` (
  `idcompraitem` bigint(20) UNSIGNED NOT NULL,
  `idproducto` bigint(20) NOT NULL,
  `idcompra` bigint(20) NOT NULL,
  `cicantidad` int(11) NOT NULL
) ENGINE=InnoDB DEFAULT CHARSET=latin1;

-- --------------------------------------------------------

--
-- Estructura de tabla para la tabla `menu`
--

CREATE TABLE `menu` (
  `idmenu` bigint(20) NOT NULL,
  `menombre` varchar(50) NOT NULL COMMENT 'Nombre del item del menu',
  `medescripcion` varchar(124) NOT NULL COMMENT 'Descripcion mas detallada del item del menu',
  `melink` varchar(50) NOT NULL DEFAULT '''Vista/public/''',
  `idpadre` bigint(20) DEFAULT NULL COMMENT 'Referencia al id del menu que es subitem',
  `medeshabilitado` timestamp NULL DEFAULT current_timestamp() COMMENT 'Fecha en la que el menu fue deshabilitado por ultima vez'
) ENGINE=InnoDB DEFAULT CHARSET=latin1;

--
-- Volcado de datos para la tabla `menu`
--

INSERT INTO `menu` (`idmenu`, `menombre`, `medescripcion`, `melink`, `idpadre`, `medeshabilitado`) VALUES
(1, 'Contacto', 'Enlace a la página de contacto', 'Vista/public/contacto.php', NULL, '2023-11-11 07:03:58'),
(3, 'Nosotros', 'Enlace a la página de presentación del equipo de trabajo', 'Vista/public/nosotros.php', NULL, '0000-00-00 00:00:00'),
(4, 'Productos', 'Enlace a la página de productos ', 'Vista/public/productos.php', NULL, '0000-00-00 00:00:00'),
(5, 'Productos', 'Gestión de productos', 'Vista/private/deposito/productos.php', NULL, NULL),
(6, 'Pedidos', 'Gestion de pedidos', 'Vista/private/deposito/pedidos.php', NULL, NULL),
(7, 'Rubros', 'Gestión de rubros', 'Vista/private/deposito/rubros.php', NULL, '2023-11-17 02:49:22'),
(8, 'Carrito', 'Carrito de compras del usuario', 'Vista/private/cliente/carrito.php', NULL, '2023-11-17 03:46:16'),
(9, 'Mis Pedidos', 'Vista de los pedidos realizados por el cliente actual', 'Vista/private/cliente/pedidos.php', NULL, '2023-11-17 03:46:16'),
(10, 'Mi Perfil', 'Perfil del usuario Cliente', 'Vista/private/cliente/', NULL, '2023-11-17 03:48:58'),
(11, 'Usuarios', 'Gestión de usuarios', 'Vista/private/administrador/usuarios.php', NULL, '2023-11-17 04:20:03'),
(12, 'Menus', 'Gestión de menús', 'Vista/private/administrador/menus.php', NULL, '2023-11-17 04:20:03'),
(13, 'Roles', 'Gestión de Roles', 'Vista/private/administrador/roles.php', NULL, '2023-11-17 04:20:03'),
(14, 'Perfil', 'Perfil de Administrador', 'Vista/private/administrador/', NULL, '2023-11-17 04:20:03');

-- --------------------------------------------------------

--
-- Estructura de tabla para la tabla `menurol`
--

CREATE TABLE `menurol` (
  `idmenu` bigint(20) NOT NULL,
  `idrol` bigint(20) NOT NULL
) ENGINE=InnoDB DEFAULT CHARSET=latin1;

--
-- Volcado de datos para la tabla `menurol`
--

INSERT INTO `menurol` (`idmenu`, `idrol`) VALUES
(1, 3),
(3, 2),
(3, 3),
(4, 3),
(5, 2),
(6, 2),
(7, 2),
(8, 3),
(9, 3),
(11, 1),
(12, 1),
(13, 1);

-- --------------------------------------------------------

--
-- Estructura de tabla para la tabla `producto`
--

CREATE TABLE `producto` (
  `idproducto` bigint(20) NOT NULL,
  `pronombre` varchar(50) NOT NULL,
  `prodetalle` varchar(512) NOT NULL,
  `proimporte` float NOT NULL DEFAULT 0,
  `proimagen` varchar(100) NOT NULL,
  `procantstock` int(11) NOT NULL
) ENGINE=InnoDB DEFAULT CHARSET=latin1;

--
-- Volcado de datos para la tabla `producto`
--

INSERT INTO `producto` (`idproducto`, `pronombre`, `prodetalle`, `proimporte`, `proimagen`, `procantstock`) VALUES
(1, 'Titere', 'Muñeco de madera', 0, '', 10);

-- --------------------------------------------------------

--
-- Estructura de tabla para la tabla `rol`
--

CREATE TABLE `rol` (
  `idrol` bigint(20) NOT NULL,
  `rodescripcion` varchar(50) NOT NULL
) ENGINE=InnoDB DEFAULT CHARSET=latin1;

--
-- Volcado de datos para la tabla `rol`
--

INSERT INTO `rol` (`idrol`, `rodescripcion`) VALUES
(1, 'Administrador'),
(2, 'Deposito'),
(3, 'Cliente');

-- --------------------------------------------------------

--
-- Estructura de tabla para la tabla `usuario`
--

CREATE TABLE `usuario` (
  `idusuario` bigint(20) NOT NULL,
  `usnombre` varchar(50) NOT NULL,
  `uspass` varchar(150) NOT NULL,
  `usmail` varchar(50) NOT NULL,
  `usdeshabilitado` timestamp NULL DEFAULT NULL
) ENGINE=InnoDB DEFAULT CHARSET=latin1;

--
-- Volcado de datos para la tabla `usuario`
--

INSERT INTO `usuario` (`idusuario`, `usnombre`, `uspass`, `usmail`, `usdeshabilitado`) VALUES
(1, 'Admin', 'aef047d85e1cbb58cc25a6978d960a3f', 'admin@toys.com.ar', NULL),
(4, 'OmarD', 'aef047d85e1cbb58cc25a6978d960a3f', 'omar@toys.com.ar', '0000-00-00 00:00:00'),
(5, 'OmarC', 'aef047d85e1cbb58cc25a6978d960a3f', 'omarc@toys.com.ar', '0000-00-00 00:00:00'),
(6, 'OmarA', 'aef047d85e1cbb58cc25a6978d960a3f', 'omara@toys.com.ar', '0000-00-00 00:00:00');

-- --------------------------------------------------------

--
-- Estructura de tabla para la tabla `usuariorol`
--

CREATE TABLE `usuariorol` (
  `idusuario` bigint(20) NOT NULL,
  `idrol` bigint(20) NOT NULL
) ENGINE=InnoDB DEFAULT CHARSET=latin1;

--
-- Volcado de datos para la tabla `usuariorol`
--

INSERT INTO `usuariorol` (`idusuario`, `idrol`) VALUES
(1, 1),
(1, 2),
(1, 3),
(4, 2),
(5, 3),
(6, 1);

--
-- Índices para tablas volcadas
--

--
-- Indices de la tabla `compra`
--
ALTER TABLE `compra`
  ADD PRIMARY KEY (`idcompra`),
  ADD UNIQUE KEY `idcompra` (`idcompra`),
  ADD KEY `fkcompra_1` (`idusuario`);

--
-- Indices de la tabla `compraestado`
--
ALTER TABLE `compraestado`
  ADD PRIMARY KEY (`idcompraestado`),
  ADD UNIQUE KEY `idcompraestado` (`idcompraestado`),
  ADD KEY `fkcompraestado_1` (`idcompra`),
  ADD KEY `fkcompraestado_2` (`idcompraestadotipo`);

--
-- Indices de la tabla `compraestadotipo`
--
ALTER TABLE `compraestadotipo`
  ADD PRIMARY KEY (`idcompraestadotipo`);

--
-- Indices de la tabla `compraitem`
--
ALTER TABLE `compraitem`
  ADD PRIMARY KEY (`idcompraitem`),
  ADD UNIQUE KEY `idcompraitem` (`idcompraitem`),
  ADD KEY `fkcompraitem_1` (`idcompra`),
  ADD KEY `fkcompraitem_2` (`idproducto`);

--
-- Indices de la tabla `menu`
--
ALTER TABLE `menu`
  ADD PRIMARY KEY (`idmenu`),
  ADD UNIQUE KEY `idmenu` (`idmenu`),
  ADD KEY `fkmenu_1` (`idpadre`);

--
-- Indices de la tabla `menurol`
--
ALTER TABLE `menurol`
  ADD PRIMARY KEY (`idmenu`,`idrol`),
  ADD KEY `fkmenurol_2` (`idrol`);

--
-- Indices de la tabla `producto`
--
ALTER TABLE `producto`
  ADD PRIMARY KEY (`idproducto`),
  ADD UNIQUE KEY `idproducto` (`idproducto`);

--
-- Indices de la tabla `rol`
--
ALTER TABLE `rol`
  ADD PRIMARY KEY (`idrol`),
  ADD UNIQUE KEY `idrol` (`idrol`);

--
-- Indices de la tabla `usuario`
--
ALTER TABLE `usuario`
  ADD PRIMARY KEY (`idusuario`),
  ADD UNIQUE KEY `idusuario` (`idusuario`);

--
-- Indices de la tabla `usuariorol`
--
ALTER TABLE `usuariorol`
  ADD PRIMARY KEY (`idusuario`,`idrol`),
  ADD KEY `idusuario` (`idusuario`),
  ADD KEY `idrol` (`idrol`);

--
-- AUTO_INCREMENT de las tablas volcadas
--

--
-- AUTO_INCREMENT de la tabla `compra`
--
ALTER TABLE `compra`
  MODIFY `idcompra` bigint(20) NOT NULL AUTO_INCREMENT;

--
-- AUTO_INCREMENT de la tabla `compraestado`
--
ALTER TABLE `compraestado`
  MODIFY `idcompraestado` bigint(20) UNSIGNED NOT NULL AUTO_INCREMENT;

--
-- AUTO_INCREMENT de la tabla `compraitem`
--
ALTER TABLE `compraitem`
  MODIFY `idcompraitem` bigint(20) UNSIGNED NOT NULL AUTO_INCREMENT;

--
-- AUTO_INCREMENT de la tabla `menu`
--
ALTER TABLE `menu`
  MODIFY `idmenu` bigint(20) NOT NULL AUTO_INCREMENT, AUTO_INCREMENT=15;

--
-- AUTO_INCREMENT de la tabla `producto`
--
ALTER TABLE `producto`
  MODIFY `idproducto` bigint(20) NOT NULL AUTO_INCREMENT, AUTO_INCREMENT=2;

--
-- AUTO_INCREMENT de la tabla `rol`
--
ALTER TABLE `rol`
  MODIFY `idrol` bigint(20) NOT NULL AUTO_INCREMENT, AUTO_INCREMENT=7;

--
-- AUTO_INCREMENT de la tabla `usuario`
--
ALTER TABLE `usuario`
  MODIFY `idusuario` bigint(20) NOT NULL AUTO_INCREMENT, AUTO_INCREMENT=7;

--
-- Restricciones para tablas volcadas
--

--
-- Filtros para la tabla `compra`
--
ALTER TABLE `compra`
  ADD CONSTRAINT `fkcompra_1` FOREIGN KEY (`idusuario`) REFERENCES `usuario` (`idusuario`) ON UPDATE CASCADE;

--
-- Filtros para la tabla `compraestado`
--
ALTER TABLE `compraestado`
  ADD CONSTRAINT `fkcompraestado_1` FOREIGN KEY (`idcompra`) REFERENCES `compra` (`idcompra`) ON UPDATE CASCADE,
  ADD CONSTRAINT `fkcompraestado_2` FOREIGN KEY (`idcompraestadotipo`) REFERENCES `compraestadotipo` (`idcompraestadotipo`) ON UPDATE CASCADE;

--
-- Filtros para la tabla `compraitem`
--
ALTER TABLE `compraitem`
  ADD CONSTRAINT `fkcompraitem_1` FOREIGN KEY (`idcompra`) REFERENCES `compra` (`idcompra`) ON UPDATE CASCADE,
  ADD CONSTRAINT `fkcompraitem_2` FOREIGN KEY (`idproducto`) REFERENCES `producto` (`idproducto`) ON UPDATE CASCADE;

--
-- Filtros para la tabla `menurol`
--
ALTER TABLE `menurol`
  ADD CONSTRAINT `fkmenurol_2` FOREIGN KEY (`idrol`) REFERENCES `rol` (`idrol`) ON UPDATE CASCADE,
  ADD CONSTRAINT `menurol_ibfk_1` FOREIGN KEY (`idmenu`) REFERENCES `menu` (`idmenu`);

--
-- Filtros para la tabla `usuariorol`
--
ALTER TABLE `usuariorol`
  ADD CONSTRAINT `fkmovimiento_1` FOREIGN KEY (`idrol`) REFERENCES `rol` (`idrol`) ON UPDATE CASCADE,
  ADD CONSTRAINT `usuariorol_ibfk_2` FOREIGN KEY (`idusuario`) REFERENCES `usuario` (`idusuario`) ON UPDATE CASCADE;
COMMIT;

/*!40101 SET CHARACTER_SET_CLIENT=@OLD_CHARACTER_SET_CLIENT */;
/*!40101 SET CHARACTER_SET_RESULTS=@OLD_CHARACTER_SET_RESULTS */;
/*!40101 SET COLLATION_CONNECTION=@OLD_COLLATION_CONNECTION */;
